{"cameraMode":{"drawMode":0,"name":"Shaded","section":"Shading Mode"},"sceneLighting":true,"audioPlay":false,"sceneViewState":{"m_AlwaysRefresh":false,"showFog":true,"showSkybox":true,"showFlares":true,"showImageEffects":true,"showParticleSystems":true,"showVisualEffectGraphs":true,"m_FxEnabled":true},"in2DMode":false,"pivot":{"x":12.032125473022461,"y":-26.01589584350586,"z":45.237613677978519},"rotation":{"x":-0.3267832398414612,"y":0.45546695590019228,"z":-0.18437226116657258,"w":-0.8073803186416626},"size":20.853343963623048,"orthographic":false}