{"cameraMode":{"drawMode":0,"name":"Shaded","section":"Shading Mode"},"sceneLighting":true,"audioPlay":false,"sceneViewState":{"m_AlwaysRefresh":false,"showFog":true,"showSkybox":true,"showFlares":true,"showImageEffects":true,"showParticleSystems":true,"showVisualEffectGraphs":true,"m_FxEnabled":true},"in2DMode":false,"pivot":{"x":-11.491047859191895,"y":-121.09696197509766,"z":170.58663940429688},"rotation":{"x":-0.03271881863474846,"y":0.9010511636734009,"z":0.06906798481941223,"w":0.426948606967926},"size":357.1312561035156,"orthographic":true}