{"cameraMode":{"drawMode":0,"name":"Shaded","section":"Shading Mode"},"sceneLighting":false,"audioPlay":false,"sceneViewState":{"m_AlwaysRefresh":false,"showFog":true,"showSkybox":false,"showFlares":true,"showImageEffects":true,"showParticleSystems":true,"showVisualEffectGraphs":true,"m_FxEnabled":true},"in2DMode":false,"pivot":{"x":0.008483718149363995,"y":-0.0012785270810127259,"z":0.004435829818248749},"rotation":{"x":-0.08766387403011322,"y":-0.9039149284362793,"z":0.35361388325691225,"w":-0.22409851849079133},"size":0.0569535493850708,"orthographic":false}